<?xml version="1.0" encoding="UTF-8" standalone="no"?><templates><template autoinsert="true" context="gettercomment_context" deleted="false" description="getter メソッドのコメント" enabled="true" id="org.eclipse.jdt.ui.text.codetemplates.gettercomment" name="gettercomment">/**
 * @return the ${bare_field_name}
 */</template><template autoinsert="true" context="settercomment_context" deleted="false" description="setter メソッドのコメント" enabled="true" id="org.eclipse.jdt.ui.text.codetemplates.settercomment" name="settercomment">/**
 * @param ${param} the ${bare_field_name} to set
 */</template><template autoinsert="true" context="constructorcomment_context" deleted="false" description="作成済みコンストラクターのコメント" enabled="true" id="org.eclipse.jdt.ui.text.codetemplates.constructorcomment" name="constructorcomment">/**
 * ${tags}
 */</template><template autoinsert="false" context="filecomment_context" deleted="false" description="作成済みの Java ファイルのコメント" enabled="true" id="org.eclipse.jdt.ui.text.codetemplates.filecomment" name="filecomment">/*
 * Copyright(C) ${year} D-CIRCLE, INC. All rights reserved.
 * 
 * (1)このソフトウェアは、ディサークル株式会社に帰属する機密情報 であり開示を固く禁じます。
 * (2)この情報を使用するには、ディサークル株式会社とのライセンス 契約が必要となります。
 * 
 * This software is the confidential and proprietary information of
 * D-CIRCLE, INC. You shall not disclose such Confidential Information
 * and shall use it only in accordance with the terms of the license
 * agreement you entered into with D-CIRCLE.
 */
</template><template autoinsert="true" context="typecomment_context" deleted="false" description="作成済みの型のコメント" enabled="true" id="org.eclipse.jdt.ui.text.codetemplates.typecomment" name="typecomment">/**
 * @author ${user}
 *
 * ${tags}
 */</template><template autoinsert="true" context="fieldcomment_context" deleted="false" description="フィールドのコメント" enabled="true" id="org.eclipse.jdt.ui.text.codetemplates.fieldcomment" name="fieldcomment">/**
 * 
 */</template><template autoinsert="true" context="methodcomment_context" deleted="false" description="オーバーライドしないメソッドのコメント" enabled="true" id="org.eclipse.jdt.ui.text.codetemplates.methodcomment" name="methodcomment">/**
 * ${tags}
 */</template><template autoinsert="true" context="modulecomment_context" deleted="false" description="Comment for modules" enabled="true" id="org.eclipse.jdt.ui.text.codetemplates.modulecomment" name="modulecomment">/**
 * @author ${user}
 *
 * ${tags}
 */</template><template autoinsert="false" context="overridecomment_context" deleted="false" description="オーバーライドするメソッドのコメント" enabled="true" id="org.eclipse.jdt.ui.text.codetemplates.overridecomment" name="overridecomment">/* 
 * ${see_to_overridden}
 */</template><template autoinsert="true" context="delegatecomment_context" deleted="false" description="Comment for delegate methods" enabled="true" id="org.eclipse.jdt.ui.text.codetemplates.delegatecomment" name="delegatecomment">/**
 * ${tags}
 * ${see_to_target}
 */</template><template autoinsert="true" context="newtype_context" deleted="false" description="新規作成ファイル" enabled="true" id="org.eclipse.jdt.ui.text.codetemplates.newtype" name="newtype">${filecomment}
${package_declaration}

${typecomment}
${type_declaration}</template><template autoinsert="true" context="classbody_context" deleted="false" description="Code in new class type bodies" enabled="true" id="org.eclipse.jdt.ui.text.codetemplates.classbody" name="classbody">
</template><template autoinsert="true" context="interfacebody_context" deleted="false" description="Code in new interface type bodies" enabled="true" id="org.eclipse.jdt.ui.text.codetemplates.interfacebody" name="interfacebody">
</template><template autoinsert="true" context="enumbody_context" deleted="false" description="Code in new enum type bodies" enabled="true" id="org.eclipse.jdt.ui.text.codetemplates.enumbody" name="enumbody">
</template><template autoinsert="true" context="recordbody_context" deleted="false" description="Code in new record type bodies" enabled="true" id="org.eclipse.jdt.ui.text.codetemplates.recordbody" name="recordbody">
</template><template autoinsert="true" context="annotationbody_context" deleted="false" description="Code in new annotation type bodies" enabled="true" id="org.eclipse.jdt.ui.text.codetemplates.annotationbody" name="annotationbody">
</template><template autoinsert="true" context="catchblock_context" deleted="false" description="新規 catch ブロック中のコード" enabled="true" id="org.eclipse.jdt.ui.text.codetemplates.catchblock" name="catchblock">// ${todo} 自動生成された catch ブロック
${exception_var}.printStackTrace();</template><template autoinsert="true" context="methodbody_context" deleted="false" description="作成済みメソッド・スタブ中のコード" enabled="true" id="org.eclipse.jdt.ui.text.codetemplates.methodbody" name="methodbody">// ${todo} 自動生成されたメソッド・スタブ
${body_statement}</template><template autoinsert="true" context="constructorbody_context" deleted="false" description="作成済みコンストラクター・スタブ中のコード" enabled="true" id="org.eclipse.jdt.ui.text.codetemplates.constructorbody" name="constructorbody">${body_statement}
// ${todo} 自動生成されたコンストラクター・スタブ</template><template autoinsert="true" context="getterbody_context" deleted="false" description="作成済み getter 中のコード" enabled="true" id="org.eclipse.jdt.ui.text.codetemplates.getterbody" name="getterbody">return ${field};</template><template autoinsert="true" context="setterbody_context" deleted="false" description="作成済み setter 中のコード" enabled="true" id="org.eclipse.jdt.ui.text.codetemplates.setterbody" name="setterbody">${field} = ${param};</template></templates>